transaction_id,user_id,amount,timestamp,location,payment_method
TXN1000,U36,3776.67,2025-10-15 18:28:31,Delhi,Wallet
TXN1001,U18,9509.61,2025-10-19 21:56:39,Bangalore,Credit Card
TXN1002,U34,7333.34,2025-10-16 13:20:57,Chennai,UPI
TXN1003,U14,6006.65,2025-11-02 14:29:00,Hyderabad,Wallet
TXN1004,U50,1602.39,2025-10-26 14:53:42,Kolkata,Wallet
TXN1005,U8,1602.15,2025-11-04 14:38:27,Delhi,NetBanking
TXN1006,U9,627.93,2025-10-17 21:52:12,Chennai,Debit Card
TXN1007,U39,8668.45,2025-10-19 16:03:49,Hyderabad,Credit Card
TXN1008,U3,6031.09,2025-10-28 14:06:18,Mumbai,UPI
TXN1009,U28,7095.32,2025-10-28 02:31:45,Pune,Credit Card
TXN1010,U31,254.82,2025-10-28 16:33:15,Pune,UPI
TXN1011,U32,9700.6,2025-10-29 21:18:02,Pune,Credit Card
TXN1012,U20,8332.8,2025-10-20 22:12:21,Bangalore,Credit Card
TXN1013,U12,2162.77,2025-10-20 18:09:54,Chennai,Debit Card
TXN1014,U12,1859.16,2025-10-26 16:21:21,Mumbai,UPI
TXN1015,U58,16900.579225864767,2025-10-24 21:27:46,Kolkata,Credit Card
TXN1016,U17,3077.21,2025-11-08 02:56:41,Hyderabad,Wallet
TXN1017,U4,5271.33,2025-10-25 02:47:44,Chennai,Credit Card
TXN1018,U7,4347.85,2025-10-17 06:03:46,Chennai,NetBanking
TXN1019,U20,2947.73,2025-10-13 07:00:01,Bangalore,NetBanking
TXN1020,U29,6137.94,2025-10-15 19:40:45,Kolkata,Credit Card
TXN1021,U42,1437.96,2025-10-29 19:17:36,Pune,NetBanking
TXN1022,U43,2956.84,2025-10-27 03:11:57,Delhi,NetBanking
TXN1023,U24,3695.3,2025-11-04 08:03:25,Bangalore,Debit Card
TXN1024,U39,4587.9,2025-10-26 02:25:23,Chennai,Credit Card
TXN1025,U43,7862.5,2025-10-29 08:41:29,Bangalore,UPI
TXN1026,U36,2036.75,2025-10-23 02:20:26,Delhi,UPI
TXN1027,U11,5166.63,2025-11-02 13:45:37,Pune,UPI
TXN1028,U18,5944.52,2025-11-08 05:44:52,Bangalore,Debit Card
TXN1029,U11,512.18,2025-10-28 14:18:52,Chennai,NetBanking
TXN1030,U39,6095.07,2025-10-11 00:19:17,Mumbai,Debit Card
TXN1031,U26,1746.72,2025-10-16 03:44:22,Chennai,Credit Card
TXN1032,U14,697.26,2025-10-10 04:52:45,Mumbai,NetBanking
TXN1033,U26,9491.41,2025-11-05 09:35:01,Hyderabad,Credit Card
TXN1034,U48,9658.04,2025-10-12 23:31:30,Hyderabad,UPI
TXN1035,U12,8093.55,2025-10-16 15:01:04,Mumbai,UPI
TXN1036,U22,3080.91,2025-10-26 17:23:58,Bangalore,Debit Card
TXN1037,U11,1021.84,2025-10-18 04:47:26,Chennai,Debit Card
TXN1038,U2,6858.12,2025-10-22 07:09:43,Hyderabad,Credit Card
TXN1039,U36,4429.52,2025-10-24 07:55:41,Bangalore,Wallet
TXN1040,U59,11396.557789967468,2025-10-15 11:10:04,Chennai,Debit Card
TXN1041,U3,4977.01,2025-10-11 09:57:54,Bangalore,Debit Card
TXN1042,U33,392.17,2025-10-28 04:17:13,Delhi,Wallet
TXN1043,U26,9097.74,2025-10-17 08:38:25,Bangalore,UPI
TXN1044,U34,2624.86,2025-10-18 14:07:45,Delhi,Wallet
TXN1045,U39,6642.1,2025-11-07 01:26:10,Delhi,Credit Card
TXN1046,U17,3151.53,2025-11-02 01:21:07,Pune,UPI
TXN1047,U15,5224.68,2025-11-07 13:28:43,Hyderabad,Wallet
TXN1048,U50,5489.77,2025-10-27 08:10:04,Pune,Wallet
TXN1049,U39,1889.3,2025-10-11 01:57:51,Delhi,NetBanking
TXN1050,U18,9697.37,2025-11-08 05:29:57,Mumbai,NetBanking
TXN1051,U42,7762.57,2025-10-22 05:51:34,Delhi,Wallet
TXN1052,U46,9398.01,2025-10-27 18:57:20,Pune,Debit Card
TXN1053,U45,8953.53,2025-11-02 06:29:46,Hyderabad,Wallet
TXN1054,U3,5999.1,2025-10-12 18:33:41,Chennai,NetBanking
TXN1055,U12,9222.65,2025-10-29 08:39:14,Pune,Credit Card
TXN1056,U6,930.5,2025-11-05 06:28:50,Pune,Wallet
TXN1057,U2,2000.03,2025-10-20 15:10:55,Hyderabad,NetBanking
TXN1058,U9,500.01,2025-10-24 22:08:20,Chennai,Wallet
TXN1059,U46,3287.04,2025-10-21 14:09:57,Bangalore,Debit Card
TXN1060,U25,3917.34,2025-10-25 09:02:40,Kolkata,Wallet
TXN1061,U15,2749.92,2025-11-03 07:48:40,Delhi,Debit Card
TXN1062,U32,8295.94,2025-11-02 07:15:19,Mumbai,NetBanking
TXN1063,U37,3599.7,2025-10-13 09:53:35,Kolkata,UPI
TXN1064,U12,2845.3,2025-10-26 02:47:01,Kolkata,UPI
TXN1065,U3,5449.83,2025-10-13 10:36:51,Pune,Debit Card
TXN1066,U35,1452.2,2025-11-03 06:36:05,Bangalore,Credit Card
TXN1067,U25,8031.86,2025-10-15 23:40:02,Chennai,NetBanking
TXN1068,U1,791.78,2025-10-28 05:31:26,Mumbai,Debit Card
TXN1069,U2,9869.53,2025-10-16 07:01:07,Chennai,Wallet
TXN1070,U23,7733.84,2025-10-29 02:01:15,Delhi,Debit Card
TXN1071,U12,2027.22,2025-10-30 13:24:22,Delhi,NetBanking
TXN1072,U38,104.95,2025-10-10 16:17:55,Pune,Credit Card
TXN1073,U31,8163.84,2025-11-06 23:16:26,Pune,Wallet
TXN1074,U30,7083.23,2025-10-13 01:25:50,Hyderabad,UPI
TXN1075,U10,7303.62,2025-10-31 00:27:06,Bangalore,Credit Card
TXN1076,U4,7724.14,2025-11-01 05:04:08,Mumbai,Credit Card
TXN1077,U18,786.74,2025-10-27 19:45:50,Pune,UPI
TXN1078,U49,3616.73,2025-10-27 18:35:49,Hyderabad,Wallet
TXN1079,U4,1202.9,2025-10-30 00:23:36,Chennai,Wallet
TXN1080,U26,8637.88,2025-10-13 04:57:08,Pune,Wallet
TXN1081,U19,6251.82,2025-11-05 19:37:20,Hyderabad,Credit Card
TXN1082,U22,3342.44,2025-11-03 10:39:38,Pune,Wallet
TXN1083,U6,682.41,2025-10-24 20:38:33,Hyderabad,Wallet
TXN1084,U4,3144.27,2025-10-20 00:09:41,Mumbai,Debit Card
TXN1085,U49,3285.57,2025-10-22 04:05:28,Bangalore,NetBanking
TXN1086,U46,7309.58,2025-10-15 21:07:43,Mumbai,NetBanking
TXN1087,U41,6393.7,2025-10-24 22:23:14,Kolkata,Wallet
TXN1088,U14,8877.77,2025-11-03 21:17:11,Pune,UPI
TXN1089,U31,4748.54,2025-11-02 12:40:34,Bangalore,Credit Card
TXN1090,U9,1239.96,2025-10-21 18:08:27,Pune,Credit Card
TXN1091,U9,7146.79,2025-10-21 08:33:16,Delhi,UPI
TXN1092,U21,7619.81,2025-10-16 22:45:02,Mumbai,NetBanking
TXN1093,U44,5634.71,2025-10-18 16:14:08,Pune,Debit Card
TXN1094,U50,7721.12,2025-10-29 23:20:36,Kolkata,Wallet
TXN1095,U37,4963.27,2025-10-14 10:34:17,Pune,Wallet
TXN1096,U22,5251.19,2025-10-24 16:34:43,Mumbai,Credit Card
TXN1097,U30,4304.03,2025-10-12 10:26:32,Pune,Wallet
TXN1098,U12,302.92,2025-10-30 18:48:56,Mumbai,Wallet
TXN1099,U48,1123.52,2025-10-22 07:07:49,Kolkata,Credit Card
TXN1100,U42,362.72,2025-10-28 00:46:54,Delhi,Wallet
TXN1101,U35,6382.28,2025-10-28 05:59:27,Chennai,Wallet
TXN1102,U46,3177.84,2025-10-27 23:00:50,Hyderabad,UPI
TXN1103,U41,5110.28,2025-11-01 02:41:04,Mumbai,Credit Card
TXN1104,U50,9080.29,2025-10-12 16:53:13,Mumbai,Debit Card
TXN1105,U38,2530.46,2025-10-21 11:44:29,Bangalore,Debit Card
TXN1106,U36,4133.31,2025-10-14 17:25:18,Kolkata,NetBanking
TXN1107,U45,7567.73,2025-10-14 23:34:24,Chennai,Credit Card
TXN1108,U49,2326.54,2025-10-18 11:28:39,Pune,UPI
TXN1109,U5,815.95,2025-10-13 08:26:34,Chennai,Wallet
TXN1110,U49,2933.03,2025-11-02 22:50:47,Kolkata,Credit Card
TXN1111,U35,1654.15,2025-11-08 11:12:37,Pune,Wallet
TXN1112,U39,9300.49,2025-10-12 12:28:35,Delhi,Debit Card
TXN1113,U39,8090.8,2025-10-11 02:07:11,Bangalore,Wallet
TXN1114,U4,6352.37,2025-10-17 11:58:25,Bangalore,Wallet
TXN1115,U9,8721.03,2025-10-24 14:31:09,Pune,Debit Card
TXN1116,U5,8046.54,2025-10-28 05:50:15,Chennai,UPI
TXN1117,U43,1906.37,2025-10-16 08:22:53,Hyderabad,Credit Card
TXN1118,U1,8930.96,2025-11-05 22:23:28,Kolkata,UPI
TXN1119,U21,5416.46,2025-10-31 20:45:04,Pune,NetBanking
TXN1120,U16,8084.03,2025-10-19 10:01:12,Mumbai,Debit Card
TXN1121,U19,8966.11,2025-10-15 05:28:30,Hyderabad,NetBanking
TXN1122,U7,3214.13,2025-10-17 14:03:03,Hyderabad,NetBanking
TXN1123,U44,1145.02,2025-10-09 17:26:20,Delhi,UPI
TXN1124,U51,20894.6207558888,2025-10-30 21:32:50,Mumbai,Credit Card
TXN1125,U7,4299.72,2025-10-29 02:43:45,Chennai,UPI
TXN1126,U45,8189.25,2025-10-20 06:43:08,Kolkata,UPI
TXN1127,U28,8614.27,2025-10-13 20:04:50,Kolkata,Credit Card
TXN1128,U34,119.17,2025-10-29 01:16:42,Delhi,NetBanking
TXN1129,U30,5131.94,2025-11-02 02:44:26,Delhi,UPI
TXN1130,U1,4203.24,2025-11-08 11:20:23,Delhi,UPI
TXN1131,U23,2259.97,2025-11-06 08:22:04,Kolkata,NetBanking
TXN1132,U6,1242.66,2025-10-22 21:09:28,Delhi,Credit Card
TXN1133,U11,3409.27,2025-11-01 05:08:08,Mumbai,UPI
TXN1134,U27,9431.95,2025-10-27 16:28:02,Mumbai,UPI
TXN1135,U45,3265.87,2025-10-26 21:53:12,Bangalore,UPI
TXN1136,U5,5211.97,2025-10-17 12:54:43,Bangalore,NetBanking
TXN1137,U34,7045.04,2025-10-12 20:53:34,Chennai,Debit Card
TXN1138,U16,3668.11,2025-10-17 12:34:14,Mumbai,Credit Card
TXN1139,U33,9719.23,2025-10-15 21:57:16,Delhi,Credit Card
TXN1140,U56,86774.49147455733,2025-10-27 05:03:37,Kolkata,Debit Card
TXN1141,U36,2555.23,2025-11-05 17:39:50,Chennai,Wallet
TXN1142,U9,4997.62,2025-10-18 10:40:06,Bangalore,UPI
TXN1143,U19,3043.74,2025-10-21 19:07:06,Kolkata,Credit Card
TXN1144,U39,2884.16,2025-10-30 04:43:38,Pune,UPI
TXN1145,U49,417.03,2025-10-30 22:21:13,Kolkata,Wallet
TXN1146,U30,6115.17,2025-11-03 23:37:02,Bangalore,Debit Card
TXN1147,U28,5051.66,2025-10-23 23:13:05,Pune,NetBanking
TXN1148,U27,562.21,2025-10-26 04:04:17,Delhi,Debit Card
TXN1149,U19,2822.53,2025-10-18 03:31:35,Delhi,Wallet
TXN1150,U45,9087.25,2025-11-05 01:53:42,Mumbai,Debit Card
TXN1151,U48,2433.64,2025-10-18 17:50:04,Hyderabad,Credit Card
TXN1152,U26,1491.7,2025-10-12 20:05:01,Delhi,Credit Card
TXN1153,U13,4920.05,2025-10-22 14:05:46,Pune,Credit Card
TXN1154,U8,9857.22,2025-10-20 02:59:24,Hyderabad,Credit Card
TXN1155,U14,2458.45,2025-10-16 12:02:12,Mumbai,NetBanking
TXN1156,U48,6737.75,2025-10-15 02:46:05,Bangalore,Wallet
TXN1157,U1,7628.12,2025-10-14 09:07:08,Hyderabad,Credit Card
TXN1158,U44,2414.49,2025-10-12 23:20:07,Bangalore,UPI
TXN1159,U41,7295.75,2025-11-01 20:06:59,Pune,UPI
TXN1160,U18,3709.44,2025-10-17 10:53:34,Kolkata,UPI
TXN1161,U35,6341.44,2025-10-31 17:09:41,Pune,Credit Card
TXN1162,U10,6353.62,2025-10-30 07:31:06,Chennai,Credit Card
TXN1163,U36,5380.96,2025-11-01 20:17:20,Delhi,UPI
TXN1164,U46,948.38,2025-10-18 20:08:33,Delhi,UPI
TXN1165,U21,8361.26,2025-11-08 09:14:56,Kolkata,UPI
TXN1166,U8,3241.76,2025-10-28 18:26:28,Hyderabad,Wallet
TXN1167,U23,1905.86,2025-10-22 09:35:17,Kolkata,UPI
TXN1168,U49,455.71,2025-10-23 10:57:22,Mumbai,Wallet
TXN1169,U34,5929.38,2025-11-05 14:42:46,Bangalore,Debit Card
TXN1170,U27,6791.77,2025-10-18 13:09:40,Kolkata,UPI
TXN1171,U21,215.05,2025-11-02 04:57:54,Delhi,NetBanking
TXN1172,U30,5145.33,2025-10-28 17:28:52,Hyderabad,Wallet
TXN1173,U5,2303.63,2025-10-18 01:27:05,Kolkata,NetBanking
TXN1174,U52,58317.531500506884,2025-11-06 01:23:53,Pune,UPI
TXN1175,U22,1784.95,2025-10-17 13:39:14,Mumbai,Wallet
TXN1176,U36,6924.83,2025-11-01 19:33:37,Kolkata,UPI
TXN1177,U20,3898.02,2025-11-01 06:42:33,Delhi,Debit Card
TXN1178,U33,9370.46,2025-10-29 11:02:22,Delhi,NetBanking
TXN1179,U27,1418.33,2025-10-21 20:25:45,Delhi,Debit Card
TXN1180,U13,3443.61,2025-11-01 06:38:45,Kolkata,NetBanking
TXN1181,U17,1179.06,2025-10-21 03:27:39,Pune,UPI
TXN1182,U8,9250.7,2025-10-10 07:26:46,Bangalore,Credit Card
TXN1183,U14,8779.53,2025-10-31 10:50:54,Hyderabad,Credit Card
TXN1184,U6,2616.52,2025-10-21 03:01:08,Chennai,Credit Card
TXN1185,U22,6616.84,2025-11-01 21:15:03,Mumbai,NetBanking
TXN1186,U22,8181.36,2025-10-10 16:06:01,Mumbai,Credit Card
TXN1187,U57,50247.779179237325,2025-10-17 15:44:03,Hyderabad,Wallet
TXN1188,U8,5320.02,2025-10-27 23:04:10,Bangalore,Credit Card
TXN1189,U24,2456.43,2025-10-28 19:22:19,Mumbai,Debit Card
TXN1190,U5,976.37,2025-10-09 17:17:15,Pune,Credit Card
TXN1191,U5,8977.3,2025-10-24 07:26:15,Chennai,UPI
TXN1192,U60,81210.9758748563,2025-10-15 13:33:41,Bangalore,NetBanking
TXN1193,U41,6349.36,2025-10-11 12:39:20,Hyderabad,Wallet
TXN1194,U42,3423.35,2025-10-21 05:21:36,Hyderabad,Wallet
TXN1195,U38,3524.64,2025-10-24 05:19:31,Kolkata,Debit Card
TXN1196,U1,7273.26,2025-11-01 23:34:38,Hyderabad,NetBanking
TXN1197,U43,8976.25,2025-10-17 22:30:15,Mumbai,Wallet
TXN1198,U22,8876.51,2025-10-16 09:18:10,Delhi,Wallet
TXN1199,U20,7809.76,2025-10-20 05:25:57,Delhi,Wallet
TXN1200,U50,6438.21,2025-11-03 22:35:21,Mumbai,NetBanking
TXN1201,U20,887.19,2025-10-14 06:13:17,Hyderabad,Debit Card
TXN1202,U24,1658.21,2025-10-17 23:57:51,Pune,UPI
TXN1203,U23,8990.61,2025-10-25 06:23:54,Mumbai,NetBanking
TXN1204,U21,6083.97,2025-10-21 17:49:44,Hyderabad,Wallet
TXN1205,U14,141.51,2025-10-26 17:38:24,Hyderabad,UPI
TXN1206,U5,1059.64,2025-11-06 07:17:03,Delhi,Debit Card
TXN1207,U22,6651.84,2025-10-29 16:09:40,Bangalore,Credit Card
TXN1208,U44,100.36,2025-10-28 12:32:30,Hyderabad,Debit Card
TXN1209,U34,1650.04,2025-11-03 18:45:15,Mumbai,UPI
TXN1210,U50,5509.9,2025-10-24 05:34:23,Hyderabad,NetBanking
TXN1211,U1,6934.36,2025-10-25 15:43:19,Kolkata,Wallet
TXN1212,U18,6537.01,2025-10-15 03:34:23,Hyderabad,UPI
TXN1213,U18,2281.48,2025-11-02 20:59:53,Delhi,Debit Card
TXN1214,U9,7136.18,2025-10-11 02:54:34,Kolkata,NetBanking
TXN1215,U14,2410.63,2025-10-16 14:03:41,Kolkata,NetBanking
TXN1216,U27,3287.73,2025-10-22 22:31:52,Mumbai,Wallet
TXN1217,U28,7477.59,2025-10-26 21:03:48,Delhi,UPI
TXN1218,U10,6513.85,2025-10-12 04:53:15,Chennai,Credit Card
TXN1219,U24,8499.77,2025-10-10 13:54:00,Mumbai,Credit Card
TXN1220,U13,6593.25,2025-10-18 06:16:35,Mumbai,Credit Card
TXN1221,U3,5704.67,2025-11-06 10:42:46,Pune,Credit Card
TXN1222,U11,982.06,2025-10-13 19:19:47,Kolkata,UPI
TXN1223,U36,3708.77,2025-11-04 07:59:48,Delhi,Wallet
TXN1224,U48,2688.76,2025-11-04 22:51:56,Mumbai,Wallet
TXN1225,U44,2477.7,2025-11-03 12:14:52,Mumbai,UPI
TXN1226,U20,9731.46,2025-10-14 16:01:34,Bangalore,UPI
TXN1227,U40,3961.32,2025-11-04 10:21:30,Kolkata,Debit Card
TXN1228,U7,8925.86,2025-10-23 14:05:38,Hyderabad,Debit Card
TXN1229,U27,6329.83,2025-10-10 00:59:46,Chennai,NetBanking
TXN1230,U38,7958.37,2025-11-02 05:38:19,Pune,NetBanking
TXN1231,U37,5051.24,2025-10-29 08:29:44,Hyderabad,Debit Card
TXN1232,U6,5790.19,2025-11-02 19:29:30,Bangalore,NetBanking
TXN1233,U7,4950.55,2025-10-14 12:43:26,Kolkata,Credit Card
TXN1234,U11,1992.67,2025-10-18 03:22:46,Delhi,NetBanking
TXN1235,U49,7238.4,2025-10-20 15:51:05,Mumbai,Wallet
TXN1236,U28,2843.69,2025-10-17 07:46:40,Delhi,UPI
TXN1237,U31,291.94,2025-10-25 14:08:33,Chennai,Credit Card
TXN1238,U7,6472.45,2025-10-13 09:58:24,Delhi,Wallet
TXN1239,U42,1812.25,2025-10-28 10:34:35,Kolkata,UPI
TXN1240,U33,9407.56,2025-10-20 03:51:39,Pune,NetBanking
TXN1241,U22,9541.59,2025-10-30 14:04:58,Pune,NetBanking
TXN1242,U38,9152.9,2025-11-04 15:20:01,Kolkata,Credit Card
TXN1243,U12,3733.08,2025-11-06 19:40:36,Delhi,UPI
TXN1244,U7,203.79,2025-10-18 23:22:18,Chennai,Credit Card
TXN1245,U18,9286.77,2025-10-17 11:07:38,Hyderabad,Wallet
TXN1246,U39,4310.43,2025-10-09 21:46:18,Hyderabad,Credit Card
TXN1247,U28,9668.22,2025-10-31 07:09:55,Chennai,Debit Card
TXN1248,U20,9638.02,2025-10-18 05:41:56,Delhi,UPI
TXN1249,U14,8537.44,2025-10-26 01:04:01,Hyderabad,Credit Card
TXN1250,U1,2979.77,2025-10-17 17:05:08,Delhi,UPI
TXN1251,U10,3881.72,2025-10-23 02:51:16,Pune,UPI
TXN1252,U31,8518.81,2025-10-14 06:16:34,Delhi,Debit Card
TXN1253,U1,3203.37,2025-11-03 08:44:00,Bangalore,Debit Card
TXN1254,U37,1736.45,2025-10-28 13:56:11,Chennai,Credit Card
TXN1255,U25,5590.17,2025-10-31 14:51:36,Bangalore,Credit Card
TXN1256,U36,9364.74,2025-11-08 06:36:50,Delhi,Credit Card
TXN1257,U35,6975.5,2025-10-13 07:40:18,Chennai,Wallet
TXN1258,U15,5722.11,2025-10-24 14:12:05,Mumbai,Debit Card
TXN1259,U15,1016.91,2025-11-06 05:55:28,Hyderabad,Credit Card
TXN1260,U17,6169.32,2025-10-30 10:43:22,Hyderabad,Debit Card
TXN1261,U35,9901.04,2025-11-02 21:13:34,Hyderabad,Debit Card
TXN1262,U24,1443.84,2025-11-03 10:57:02,Mumbai,UPI
TXN1263,U40,5207.38,2025-10-10 12:30:30,Chennai,Debit Card
TXN1264,U26,8779.86,2025-10-18 17:52:08,Bangalore,Wallet
TXN1265,U16,7420.65,2025-10-20 18:33:53,Chennai,Debit Card
TXN1266,U4,6985.31,2025-10-25 01:11:41,Bangalore,Credit Card
TXN1267,U11,7039.72,2025-10-18 06:11:16,Chennai,Wallet
TXN1268,U29,3626.94,2025-10-09 15:00:21,Kolkata,NetBanking
TXN1269,U42,2971.24,2025-10-19 17:56:24,Mumbai,Wallet
TXN1270,U12,8103.14,2025-10-24 07:42:59,Pune,UPI
TXN1271,U16,8110.63,2025-11-03 08:43:30,Pune,UPI
TXN1272,U27,8677.37,2025-10-29 13:03:40,Chennai,NetBanking
TXN1273,U28,9136.74,2025-10-30 04:34:45,Mumbai,UPI
TXN1274,U49,5137.86,2025-10-16 22:52:25,Mumbai,Debit Card
TXN1275,U17,5040.09,2025-11-05 21:30:02,Chennai,Credit Card
TXN1276,U33,7993.04,2025-10-23 18:30:47,Chennai,Debit Card
TXN1277,U13,6517.14,2025-10-20 22:29:28,Hyderabad,Wallet
TXN1278,U40,7034.57,2025-11-08 02:39:38,Kolkata,Credit Card
TXN1279,U38,7968.14,2025-10-19 16:48:54,Delhi,UPI
TXN1280,U25,8905.55,2025-11-08 10:48:29,Kolkata,NetBanking
TXN1281,U15,3413.05,2025-11-02 12:15:03,Bangalore,UPI
TXN1282,U24,3787.05,2025-10-10 15:04:26,Delhi,Credit Card
TXN1283,U42,985.12,2025-10-19 10:08:30,Kolkata,Debit Card
TXN1284,U31,5803.89,2025-10-15 04:02:27,Pune,Wallet
TXN1285,U43,407.63,2025-10-29 04:26:51,Pune,Debit Card
TXN1286,U10,4682.7,2025-10-20 07:27:08,Hyderabad,NetBanking
TXN1287,U31,5449.31,2025-11-03 03:44:55,Delhi,Credit Card
TXN1288,U17,2901.09,2025-10-17 07:58:26,Chennai,Wallet
TXN1289,U6,5928.79,2025-10-17 15:03:04,Hyderabad,NetBanking
TXN1290,U44,353.48,2025-11-07 18:04:56,Mumbai,Credit Card
TXN1291,U30,421.61,2025-10-17 04:18:21,Delhi,Credit Card
TXN1292,U36,8234.88,2025-10-27 19:39:54,Pune,UPI
TXN1293,U45,3633.9,2025-10-19 10:49:17,Kolkata,Credit Card
TXN1294,U4,1314.25,2025-11-02 19:23:07,Pune,Credit Card
TXN1295,U8,5246.32,2025-10-24 11:07:47,Delhi,Credit Card
TXN1296,U45,7711.44,2025-10-23 11:13:04,Delhi,Debit Card
TXN1297,U19,2197.42,2025-10-31 21:56:23,Kolkata,Credit Card
TXN1298,U15,6247.76,2025-10-11 01:47:50,Mumbai,UPI
TXN1299,U8,899.21,2025-10-25 04:50:31,Delhi,Debit Card
TXN1300,U25,564.23,2025-10-23 01:06:06,Bangalore,Credit Card
TXN1301,U39,5336.98,2025-10-15 07:14:31,Mumbai,UPI
TXN1302,U7,5429.32,2025-10-17 21:21:12,Bangalore,UPI
TXN1303,U31,6392.43,2025-10-17 16:30:51,Chennai,Debit Card
TXN1304,U8,7274.61,2025-10-19 09:22:54,Hyderabad,UPI
TXN1305,U34,9759.73,2025-10-23 14:02:07,Bangalore,Credit Card
TXN1306,U26,5187.19,2025-10-25 08:29:25,Delhi,NetBanking
TXN1307,U5,3263.42,2025-11-06 00:30:54,Kolkata,UPI
TXN1308,U24,7962.1,2025-11-04 14:18:35,Kolkata,Debit Card
TXN1309,U22,2744.78,2025-10-20 23:26:34,Mumbai,UPI
TXN1310,U37,4417.77,2025-10-13 13:26:08,Bangalore,Wallet
TXN1311,U17,830.64,2025-10-19 03:20:04,Chennai,Wallet
TXN1312,U46,302.24,2025-10-10 12:17:42,Pune,Credit Card
TXN1313,U28,9628.35,2025-11-07 20:26:29,Pune,Wallet
TXN1314,U48,8368.0,2025-10-18 22:10:40,Pune,UPI
TXN1315,U1,6974.94,2025-10-12 08:57:25,Hyderabad,NetBanking
TXN1316,U9,4119.08,2025-10-30 14:27:57,Mumbai,UPI
TXN1317,U57,15993.834083892398,2025-11-06 09:14:31,Bangalore,Debit Card
TXN1318,U45,1606.55,2025-10-11 02:29:35,Kolkata,NetBanking
TXN1319,U28,2539.92,2025-11-05 21:28:08,Mumbai,Wallet
TXN1320,U39,5514.81,2025-10-21 15:19:04,Pune,Credit Card
TXN1321,U24,7160.23,2025-10-13 08:15:10,Delhi,NetBanking
TXN1322,U7,6618.96,2025-10-26 02:43:29,Mumbai,NetBanking
TXN1323,U17,2835.34,2025-10-28 01:09:37,Hyderabad,Credit Card
TXN1324,U7,9550.91,2025-10-19 21:50:45,Mumbai,NetBanking
TXN1325,U13,7392.07,2025-10-13 00:49:25,Kolkata,NetBanking
TXN1326,U29,5565.82,2025-10-28 18:43:00,Bangalore,Wallet
TXN1327,U5,6136.62,2025-10-14 13:53:28,Mumbai,Credit Card
TXN1328,U45,4225.02,2025-11-01 14:22:27,Chennai,NetBanking
TXN1329,U39,2514.92,2025-10-16 17:40:24,Chennai,NetBanking
TXN1330,U14,3591.93,2025-10-30 08:57:03,Chennai,NetBanking
TXN1331,U14,7590.57,2025-10-29 11:34:47,Mumbai,UPI
TXN1332,U30,193.22,2025-10-20 07:24:31,Chennai,UPI
TXN1333,U6,1204.92,2025-11-02 12:28:38,Pune,Debit Card
TXN1334,U7,507.73,2025-10-24 07:06:46,Delhi,Wallet
TXN1335,U28,455.25,2025-10-14 13:29:34,Chennai,NetBanking
TXN1336,U9,8561.83,2025-10-10 14:36:11,Bangalore,UPI
TXN1337,U8,7051.4,2025-10-24 01:03:05,Chennai,Debit Card
TXN1338,U29,4768.03,2025-10-25 03:03:20,Delhi,Wallet
TXN1339,U8,1023.45,2025-10-18 02:28:57,Kolkata,Debit Card
TXN1340,U22,4941.58,2025-10-25 23:18:29,Delhi,NetBanking
TXN1341,U30,4761.04,2025-10-21 10:42:30,Hyderabad,UPI
TXN1342,U23,1773.36,2025-10-31 22:33:01,Chennai,NetBanking
TXN1343,U25,4366.82,2025-11-06 18:28:12,Delhi,UPI
TXN1344,U49,4015.12,2025-10-15 10:36:19,Hyderabad,NetBanking
TXN1345,U33,6177.71,2025-10-21 21:25:48,Delhi,Credit Card
TXN1346,U21,6369.18,2025-11-07 04:44:10,Delhi,Credit Card
TXN1347,U13,500.77,2025-10-20 15:51:40,Bangalore,Wallet
TXN1348,U14,3777.4,2025-11-04 06:09:44,Delhi,UPI
TXN1349,U19,6277.31,2025-11-02 06:38:52,Pune,Debit Card
TXN1350,U47,5056.21,2025-10-13 06:06:52,Bangalore,Wallet
TXN1351,U44,8572.07,2025-10-14 00:00:39,Mumbai,Debit Card
TXN1352,U25,6604.0,2025-10-30 19:49:38,Bangalore,Wallet
TXN1353,U30,1671.2,2025-11-06 19:26:24,Mumbai,NetBanking
TXN1354,U31,752.16,2025-10-24 06:51:03,Pune,Wallet
TXN1355,U26,6442.07,2025-11-02 04:39:41,Delhi,Debit Card
TXN1356,U40,313.79,2025-10-30 22:48:03,Chennai,Debit Card
TXN1357,U39,5878.47,2025-10-12 14:41:06,Hyderabad,Wallet
TXN1358,U42,9405.29,2025-10-13 11:43:58,Pune,NetBanking
TXN1359,U44,5775.97,2025-11-01 05:03:39,Pune,Debit Card
TXN1360,U35,3912.29,2025-10-25 15:14:42,Kolkata,Credit Card
TXN1361,U18,6450.72,2025-11-03 19:02:25,Mumbai,Wallet
TXN1362,U36,4609.62,2025-10-18 15:31:10,Delhi,Debit Card
TXN1363,U28,5478.89,2025-10-30 11:00:02,Kolkata,NetBanking
TXN1364,U23,9417.57,2025-10-24 21:38:58,Hyderabad,Debit Card
TXN1365,U17,3891.72,2025-11-07 20:25:20,Mumbai,Credit Card
TXN1366,U20,9613.85,2025-10-20 19:54:15,Mumbai,Credit Card
TXN1367,U42,9058.24,2025-11-02 05:46:47,Chennai,Debit Card
TXN1368,U32,1998.12,2025-10-12 23:50:01,Delhi,NetBanking
TXN1369,U50,740.14,2025-10-19 05:31:14,Chennai,Credit Card
TXN1370,U50,1052.74,2025-10-26 02:46:37,Bangalore,UPI
TXN1371,U48,231.31,2025-10-26 08:21:03,Bangalore,Credit Card
TXN1372,U8,989.71,2025-11-01 23:19:51,Mumbai,Credit Card
TXN1373,U6,6845.92,2025-10-10 13:37:49,Kolkata,Wallet
TXN1374,U27,758.33,2025-11-04 07:55:18,Mumbai,UPI
TXN1375,U25,3223.81,2025-10-31 09:07:51,Bangalore,UPI
TXN1376,U7,8456.51,2025-10-10 18:47:27,Bangalore,UPI
TXN1377,U7,281.56,2025-11-07 18:44:56,Mumbai,Debit Card
TXN1378,U22,8153.96,2025-11-02 00:43:59,Bangalore,UPI
TXN1379,U18,2854.46,2025-10-30 20:12:54,Delhi,UPI
TXN1380,U46,1225.74,2025-11-02 21:05:58,Pune,Debit Card
TXN1381,U7,6982.53,2025-10-29 11:27:44,Chennai,Credit Card
TXN1382,U1,6307.98,2025-10-11 08:34:18,Hyderabad,Wallet
TXN1383,U36,8780.85,2025-10-21 04:48:25,Bangalore,Credit Card
TXN1384,U6,7363.96,2025-11-07 15:35:41,Kolkata,NetBanking
TXN1385,U16,8044.64,2025-10-21 05:18:04,Bangalore,Debit Card
TXN1386,U40,2856.24,2025-10-18 14:14:04,Chennai,NetBanking
TXN1387,U33,1815.52,2025-10-15 09:18:57,Mumbai,NetBanking
TXN1388,U39,7518.62,2025-10-15 04:37:18,Pune,NetBanking
TXN1389,U15,8078.01,2025-10-16 10:41:01,Bangalore,Debit Card
TXN1390,U25,9905.53,2025-10-12 15:22:48,Delhi,Wallet
TXN1391,U48,4155.55,2025-10-22 19:14:12,Chennai,NetBanking
TXN1392,U47,3751.58,2025-10-25 03:44:13,Kolkata,UPI
TXN1393,U56,70088.72223709302,2025-10-30 18:12:08,Bangalore,NetBanking
TXN1394,U28,3441.0,2025-10-28 10:30:07,Bangalore,Wallet
TXN1395,U22,9311.04,2025-10-24 21:34:05,Hyderabad,Debit Card
TXN1396,U41,8591.21,2025-10-26 23:33:51,Bangalore,Credit Card
TXN1397,U21,4318.49,2025-10-25 04:01:42,Hyderabad,Wallet
TXN1398,U11,7521.17,2025-10-25 03:10:33,Bangalore,UPI
TXN1399,U23,7557.7,2025-10-30 13:14:48,Delhi,UPI
TXN1400,U47,1076.08,2025-10-16 04:12:34,Mumbai,NetBanking
TXN1401,U21,9030.4,2025-11-08 01:16:57,Kolkata,Wallet
TXN1402,U33,5077.26,2025-10-13 22:21:14,Bangalore,UPI
TXN1403,U36,8273.25,2025-10-10 12:47:01,Pune,UPI
TXN1404,U31,3234.49,2025-10-11 15:22:17,Delhi,Debit Card
TXN1405,U17,8960.46,2025-10-10 09:36:24,Kolkata,Credit Card
TXN1406,U39,3922.56,2025-11-06 18:45:24,Kolkata,Wallet
TXN1407,U14,157.83,2025-11-04 09:14:14,Bangalore,Debit Card
TXN1408,U43,9058.55,2025-10-23 19:06:48,Chennai,UPI
TXN1409,U13,958.3,2025-11-06 17:17:29,Chennai,NetBanking
TXN1410,U44,3227.17,2025-10-17 08:17:52,Kolkata,NetBanking
TXN1411,U38,9503.12,2025-11-03 15:53:16,Kolkata,Debit Card
TXN1412,U12,9508.54,2025-11-07 07:36:50,Mumbai,Debit Card
TXN1413,U20,5755.71,2025-10-18 08:50:24,Delhi,UPI
TXN1414,U39,6336.78,2025-10-14 19:02:51,Kolkata,Wallet
TXN1415,U8,4512.03,2025-10-17 14:14:40,Mumbai,Wallet
TXN1416,U47,2967.45,2025-11-04 18:10:02,Delhi,Debit Card
TXN1417,U23,3320.21,2025-10-22 08:48:03,Kolkata,Wallet
TXN1418,U35,6741.56,2025-10-28 03:03:53,Delhi,Wallet
TXN1419,U13,7536.13,2025-11-05 16:22:47,Mumbai,Debit Card
TXN1420,U41,7926.21,2025-11-06 20:56:07,Delhi,UPI
TXN1421,U32,7906.7,2025-10-27 08:06:30,Chennai,Credit Card
TXN1422,U42,957.5,2025-11-02 23:53:45,Pune,Wallet
TXN1423,U45,4969.48,2025-11-05 18:54:49,Kolkata,Debit Card
TXN1424,U17,622.71,2025-10-28 17:01:37,Hyderabad,NetBanking
TXN1425,U14,5517.81,2025-11-05 05:29:21,Delhi,Debit Card
TXN1426,U34,4443.23,2025-10-26 19:59:17,Mumbai,Debit Card
TXN1427,U25,8882.66,2025-10-20 13:15:40,Kolkata,Debit Card
TXN1428,U32,3541.6,2025-10-22 00:19:46,Pune,UPI
TXN1429,U41,1214.82,2025-10-19 00:05:29,Delhi,Wallet
TXN1430,U5,1472.77,2025-11-04 04:26:21,Chennai,Wallet
TXN1431,U42,7627.03,2025-10-14 06:24:34,Mumbai,UPI
TXN1432,U31,6201.27,2025-11-05 17:25:40,Bangalore,Credit Card
TXN1433,U34,1056.17,2025-10-26 09:43:29,Bangalore,Debit Card
TXN1434,U2,886.86,2025-10-13 14:14:57,Pune,Debit Card
TXN1435,U8,7024.64,2025-11-06 13:32:22,Bangalore,NetBanking
TXN1436,U20,773.99,2025-10-28 12:37:00,Delhi,Debit Card
TXN1437,U3,8227.51,2025-11-06 13:37:33,Chennai,Credit Card
TXN1438,U50,7077.11,2025-10-25 17:26:42,Mumbai,Wallet
TXN1439,U17,859.42,2025-10-17 06:02:44,Mumbai,Wallet
TXN1440,U21,894.14,2025-11-04 01:38:25,Kolkata,Credit Card
TXN1441,U8,9867.06,2025-10-12 14:30:48,Hyderabad,NetBanking
TXN1442,U12,3773.99,2025-10-23 08:17:58,Delhi,Credit Card
TXN1443,U17,3737.89,2025-10-22 22:32:06,Pune,Credit Card
TXN1444,U13,8137.36,2025-10-09 16:59:16,Delhi,Wallet
TXN1445,U21,9475.12,2025-10-22 02:29:28,Kolkata,NetBanking
TXN1446,U30,9860.71,2025-10-21 02:44:04,Hyderabad,UPI
TXN1447,U9,7546.11,2025-11-06 00:14:02,Hyderabad,NetBanking
TXN1448,U28,3793.78,2025-10-19 06:26:33,Hyderabad,UPI
TXN1449,U18,880.83,2025-10-30 01:44:21,Delhi,UPI
TXN1450,U18,7782.61,2025-10-18 19:29:16,Mumbai,UPI
TXN1451,U53,50535.063876271415,2025-10-30 15:38:56,Delhi,Wallet
TXN1452,U19,4271.01,2025-10-19 18:29:52,Pune,NetBanking
TXN1453,U42,9068.23,2025-10-22 23:25:45,Mumbai,NetBanking
TXN1454,U20,1156.41,2025-10-12 17:49:59,Pune,UPI
TXN1455,U21,4951.62,2025-10-14 16:12:31,Delhi,UPI
TXN1456,U2,162.97,2025-10-26 14:59:04,Bangalore,Debit Card
TXN1457,U7,4713.17,2025-10-23 16:00:38,Kolkata,Wallet
TXN1458,U42,610.22,2025-11-01 04:03:44,Pune,Credit Card
TXN1459,U9,1232.24,2025-11-01 23:59:27,Hyderabad,NetBanking
TXN1460,U40,1219.39,2025-10-23 11:49:10,Pune,UPI
TXN1461,U42,6509.64,2025-10-19 04:44:50,Pune,NetBanking
TXN1462,U32,7473.15,2025-10-13 05:19:14,Pune,Credit Card
TXN1463,U50,5854.52,2025-11-06 01:07:12,Pune,NetBanking
TXN1464,U45,9623.62,2025-10-20 12:20:47,Chennai,UPI
TXN1465,U5,3779.96,2025-11-01 12:55:55,Pune,Debit Card
TXN1466,U40,2892.84,2025-10-23 04:59:49,Mumbai,Credit Card
TXN1467,U13,8692.56,2025-10-30 09:48:12,Mumbai,Credit Card
TXN1468,U23,2274.78,2025-10-27 08:11:43,Mumbai,UPI
TXN1469,U3,9634.06,2025-10-10 13:33:02,Delhi,NetBanking
TXN1470,U24,170.94,2025-11-02 20:01:31,Hyderabad,UPI
TXN1471,U42,9700.29,2025-10-20 13:25:48,Mumbai,Debit Card
TXN1472,U7,479.44,2025-10-18 11:01:17,Bangalore,Credit Card
TXN1473,U35,8916.87,2025-10-24 18:11:26,Bangalore,NetBanking
TXN1474,U9,5300.63,2025-10-21 08:02:45,Bangalore,Debit Card
TXN1475,U5,9930.0,2025-11-01 16:17:32,Pune,Credit Card
TXN1476,U18,784.28,2025-11-03 22:31:39,Mumbai,Credit Card
TXN1477,U30,5560.85,2025-11-06 00:05:31,Mumbai,Credit Card
TXN1478,U50,9694.56,2025-10-28 04:34:35,Kolkata,Debit Card
TXN1479,U46,5254.82,2025-10-24 11:11:47,Hyderabad,Credit Card
TXN1480,U26,6312.52,2025-11-04 04:06:57,Mumbai,UPI
TXN1481,U47,6972.7,2025-10-30 02:41:11,Hyderabad,UPI
TXN1482,U25,4572.68,2025-10-28 21:02:47,Delhi,UPI
TXN1483,U35,6294.2,2025-11-02 11:47:09,Bangalore,NetBanking
TXN1484,U36,5863.93,2025-10-25 00:59:09,Mumbai,UPI
TXN1485,U45,9016.52,2025-10-10 17:20:01,Pune,Credit Card
TXN1486,U27,502.19,2025-10-14 23:27:05,Pune,Wallet
TXN1487,U43,2845.58,2025-11-02 23:10:27,Pune,Credit Card
TXN1488,U14,9506.59,2025-10-30 17:38:16,Pune,Debit Card
TXN1489,U8,8908.12,2025-10-13 02:20:33,Kolkata,Debit Card
TXN1490,U44,4583.78,2025-10-29 21:00:08,Mumbai,Credit Card
TXN1491,U34,6220.32,2025-10-15 23:37:31,Delhi,Credit Card
TXN1492,U29,2809.94,2025-10-22 12:49:04,Hyderabad,Wallet
TXN1493,U17,1921.81,2025-10-17 09:00:40,Delhi,NetBanking
TXN1494,U21,4663.8,2025-10-30 07:00:15,Mumbai,NetBanking
TXN1495,U14,3565.85,2025-10-23 17:29:28,Bangalore,Wallet
TXN1496,U17,5857.38,2025-10-31 12:25:29,Chennai,Debit Card
TXN1497,U15,823.46,2025-10-23 03:48:35,Kolkata,NetBanking
TXN1498,U31,9745.23,2025-10-15 22:02:20,Chennai,Credit Card
TXN1499,U43,9862.8,2025-11-03 02:51:00,Delhi,NetBanking
